chain,resnum,resname,label,BSA_A2,hotspot_score,is_hotspot
B,134,ILE,B134ILE,116.97,175.45,True
A,56,TYR,A56TYR,51.49,128.74,True
A,125,ARG,A125ARG,58.55,117.11,True
B,128,LEU,B128LEU,77.56,116.35,True
A,113,ARG,A113ARG,56.81,113.63,True
B,78,LYS,B78LYS,76.65,99.64,True
B,75,GLN,B75GLN,98.56,98.56,True
A,124,LYS,A124LYS,62.74,81.56,True
A,115,MET,A115MET,48.98,73.47,True
A,86,ARG,A86ARG,33.72,67.44,True
B,84,GLU,B84GLU,54.34,65.2,True
B,126,ILE,B126ILE,40.58,60.86,True
A,26,ASP,A26ASP,47.0,56.4,True
A,54,ILE,A54ILE,36.71,55.07,True
A,66,GLN,A66GLN,51.47,51.47,True
A,19,PHE,A19PHE,25.4,50.8,True
B,131,LYS,B131LYS,34.78,45.21,True
A,122,ASP,A122ASP,35.42,42.51,True
B,132,ALA,B132ALA,81.67,40.83,True
B,136,GLU,B136GLU,32.53,39.03,True
A,69,HIS,A69HIS,21.2,38.16,False
B,76,THR,B76THR,51.29,35.9,True
B,61,GLU,B61GLU,23.8,28.56,False
B,64,VAL,B64VAL,22.22,26.66,False
B,77,ASP,B77ASP,21.44,25.72,False
A,78,HIS,A78HIS,13.53,24.35,False
A,39,GLU,A39GLU,20.14,24.17,False
A,90,ASP,A90ASP,19.68,23.62,False
A,48,LEU,A48LEU,15.43,23.14,False
B,74,ASN,B74ASN,22.34,22.34,False
A,50,LEU,A50LEU,14.22,21.33,False
A,76,VAL,A76VAL,17.39,20.87,False
A,20,THR,A20THR,25.6,17.92,True
A,89,LYS,A89LYS,13.11,17.05,False
B,59,THR,B59THR,24.36,17.05,False
A,87,LEU,A87LEU,11.21,16.82,False
A,68,VAL,A68VAL,14.01,16.81,False
A,42,PHE,A42PHE,8.36,16.72,False
A,58,GLU,A58GLU,13.29,15.94,False
B,133,GLN,B133GLN,15.58,15.58,False
A,72,GLU,A72GLU,12.56,15.07,False
A,94,LEU,A94LEU,9.43,14.14,False
B,73,SER,B73SER,23.42,14.05,False
B,70,MET,B70MET,8.52,12.79,False
B,130,PRO,B130PRO,15.43,12.34,False
A,41,LYS,A41LYS,9.04,11.75,False
A,117,SER,A117SER,18.06,10.84,False
B,69,ARG,B69ARG,5.31,10.63,False
A,127,THR,A127THR,14.57,10.2,False
B,43,VAL,B43VAL,8.16,9.79,False
B,116,ASN,B116ASN,9.0,9.0,False
B,121,TYR,B121TYR,3.48,8.71,False
A,88,LEU,A88LEU,5.8,8.69,False
A,63,ASN,A63ASN,8.57,8.57,False
A,18,ALA,A18ALA,15.18,7.59,False
A,80,SER,A80SER,12.55,7.53,False
A,22,THR,A22THR,10.63,7.44,False
B,45,THR,B45THR,10.63,7.44,False
B,117,ASP,B117ASP,5.79,6.95,False
A,91,GLN,A91GLN,6.86,6.86,False
B,58,ASN,B58ASN,5.31,5.31,False
B,33,ASN,B33ASN,5.31,5.31,False
A,49,ASP,A49ASP,4.39,5.27,False
B,118,SER,B118SER,8.57,5.14,False
A,65,ILE,A65ILE,3.38,5.07,False
A,120,GLY,A120GLY,15.99,4.8,False
A,81,TYR,A81TYR,1.88,4.69,False
B,129,ALA,B129ALA,8.69,4.35,False
B,145,THR,B145THR,6.0,4.2,False
A,62,LYS,A62LYS,2.9,3.77,False
A,23,VAL,A23VAL,2.9,3.48,False
B,57,SER,B57SER,5.57,3.34,False
A,119,GLY,A119GLY,9.05,2.72,False
A,43,PRO,A43PRO,3.38,2.71,False
A,114,CYS,A114CYS,1.45,2.61,False
B,44,VAL,B44VAL,1.93,2.32,False
A,96,ASN,A96ASN,2.19,2.19,False
A,61,ASP,A61ASP,1.71,2.06,False
A,44,VAL,A44VAL,1.31,1.57,False
B,81,ALA,B81ALA,1.93,0.97,False
A,95,GLY,A95GLY,3.05,0.92,False
A,85,ALA,A85ALA,1.71,0.86,False
B,119,GLY,B119GLY,1.93,0.58,False
